Gabriel,Graves,Kamau,gabriel.graves@example.com,yellowtiger292,0715211288,7,1,Tenant,True,2022-08-30
Katie,Hart,Kamau,katie.hart@example.com,angryleopard169,0762407751,7,1,Tenant,True,2022-08-30
Rosalyn,Weaver,Kamau,rosalyn.weaver@example.com,tinyelephant718,0797227133,7,1,Tenant,True,2022-08-30
Daniel,Pearson,Kamau,daniel.pearson@example.com,orangebird114,0719764699,7,1,Tenant,True,2022-08-30
Zander,Hamilton,Kamau,zander.hamilton@example.com,smallswan389,0766984624,7,1,Tenant,True,2022-08-30
Heather,Porter,Kamau,heather.porter@example.com,goldensnake474,0756126439,7,1,Tenant,True,2022-08-30
Dylan,Little,Kamau,dylan.little@example.com,greenzebra649,0727886927,7,1,Tenant,True,2022-08-30
Martha,Watson,Kamau,martha.watson@example.com,bigcat236,0791532023,7,1,Tenant,True,2022-08-30
Mason,Hernandez,Kamau,mason.hernandez@example.com,sadgoose290,0747785308,7,1,Tenant,True,2022-08-30
Maddison,Garcia,Kamau,maddison.garcia@example.com,happycat634,0771736446,7,1,Tenant,True,2022-08-30
Dean,Little,Kamau,dean.little@example.com,organicbutterfly963,0706547514,7,1,Tenant,True,2022-08-30
Diane,Marshall,Kamau,diane.marshall@example.com,bigpanda601,0730897830,7,1,Tenant,True,2022-08-30
Susan,Dixon,Kamau,susan.dixon@example.com,goldenfrog372,0764336352,7,1,Tenant,True,2022-08-30
Alison,Rice,Kamau,alison.rice@example.com,organicpanda320,0757136250,7,1,Tenant,True,2022-08-30
Philip,Horton,Kamau,philip.horton@example.com,goldenmeercat182,0702068082,7,1,Tenant,True,2022-08-30
Sharon,Harrison,Kamau,sharon.harrison@example.com,yellowmouse896,0737540467,7,1,Tenant,True,2022-08-30
Abigail,Watkins,Kamau,abigail.watkins@example.com,happykoala357,0742068700,7,1,Tenant,True,2022-08-30
Ricardo,Walker,Kamau,ricardo.walker@example.com,tinycat963,0795424198,7,1,Tenant,True,2022-08-30
Jackson,Allen,Kamau,jackson.allen@example.com,lazyduck474,0740707284,7,1,Tenant,True,2022-08-30
Danielle,Jenkins,Kamau,danielle.jenkins@example.com,silverkoala204,0706966698,7,1,Tenant,True,2022-08-30
Richard,Hoffman,Kamau,richard.hoffman@example.com,happymeercat159,0794474190,7,1,Tenant,True,2022-08-30
Sam,Jacobs,Kamau,sam.jacobs@example.com,organicduck337,0778980931,7,1,Tenant,True,2022-08-30
Sophie,Hayes,Kamau,sophie.hayes@example.com,organicfrog847,0742336613,7,1,Tenant,True,2022-08-30
Elizabeth,Caldwell,Kamau,elizabeth.caldwell@example.com,redtiger609,0769967865,7,1,Tenant,True,2022-08-30
Virgil,Andrews,Kamau,virgil.andrews@example.com,goldenkoala623,0744449762,7,1,Tenant,True,2022-08-30
Ross,James,Kamau,ross.james@example.com,yellowlion114,0781753402,7,1,Tenant,True,2022-08-30
Alex,Carroll,Kamau,alex.carroll@example.com,happyfrog677,0769454274,7,1,Tenant,True,2022-08-30
Bob,Taylor,Kamau,bob.taylor@example.com,heavyleopard838,0764392184,7,1,Tenant,True,2022-08-30
Carolyn,Riley,Kamau,carolyn.riley@example.com,silverkoala369,0752387532,7,1,Tenant,True,2022-08-30
Victoria,Watson,Kamau,victoria.watson@example.com,bluegorilla521,0767161549,7,1,Tenant,True,2022-08-30
Aaron,Grant,Kamau,aaron.grant@example.com,whitebutterfly408,0772651450,7,1,Tenant,True,2022-08-30
Leah,Torres,Kamau,leah.torres@example.com,organicdog259,0718567514,7,1,Tenant,True,2022-08-30
Sam,Ferguson,Kamau,sam.ferguson@example.com,goldenmouse852,0781003099,7,1,Tenant,True,2022-08-30
Kaitlin,Macrae,Kamau,kaitlin.macrae@example.com,whitedog836,0707383201,7,1,Tenant,True,2022-08-30
Erin,Sims,Kamau,erin.sims@example.com,organicrabbit140,0736465841,7,1,Tenant,True,2022-08-30
Tracey,Carpenter,Kamau,tracey.carpenter@example.com,heavypeacock773,0758638775,7,1,Tenant,True,2022-08-30
Corey,Hart,Kamau,corey.hart@example.com,angrykoala754,0784979434,7,1,Tenant,True,2022-08-30
Dick,Coleman,Kamau,dick.coleman@example.com,redladybug699,0776231744,7,1,Tenant,True,2022-08-30
Izzie,Lawson,Kamau,izzie.lawson@example.com,browngoose821,0743898070,7,1,Tenant,True,2022-08-30
Angie,Harvey,Kamau,angie.harvey@example.com,lazybutterfly158,0700214608,7,1,Tenant,True,2022-08-30